{
  "type": "FeatureCollection",
  "generator": "overpass-turbo",
  "copyright": "The data included in this document is from www.openstreetmap.org. The data is made available under ODbL.",
  "timestamp": "2026-07-02T22:32:02Z",
  "features": [
    {
      "type": "Feature",
      "properties": {
        "@id": "way/101481004",
        "abandoned:building": "yes",
        "building": "yes",
        "source": "bing"
      },
      "geometry": {
        "type": "Polygon",
        "coordinates": [
          [
            [
              -94.8168769,
              38.8592448
            ],
            [
              -94.8168774,
              38.8590986
            ],
            [
              -94.8167886,
              38.8590984
            ],
            [
              -94.8167887,
              38.8590918
            ],
            [
              -94.8165353,
              38.8590912
            ],
            [
              -94.8165347,
              38.8592525
            ],
            [
              -94.8167872,
              38.8592531
            ],
            [
              -94.8167872,
              38.8592446
            ],
            [
              -94.8168769,
              38.8592448
            ]
          ]
        ]
      },
      "id": "way/101481004"
    },
    {
      "type": "Feature",
      "properties": {
        "@id": "way/273780168",
        "abandoned:building": "yes",
        "addr:city": "Olathe",
        "addr:housenumber": "2004",
        "addr:street": "East Santa Fe Street",
        "building": "yes"
      },
      "geometry": {
        "type": "Polygon",
        "coordinates": [
          [
            [
              -94.7838157,
              38.8842482
            ],
            [
              -94.7838166,
              38.8840643
            ],
            [
              -94.7835459,
              38.8840636
            ],
            [
              -94.7835458,
              38.8840843
            ],
            [
              -94.7834779,
              38.8840841
            ],
            [
              -94.7834775,
              38.8841804
            ],
            [
              -94.7835619,
              38.8841806
            ],
            [
              -94.7835616,
              38.8842475
            ],
            [
              -94.7838157,
              38.8842482
            ]
          ]
        ]
      },
      "id": "way/273780168"
    },
    {
      "type": "Feature",
      "properties": {
        "@id": "way/433173170",
        "abandoned:building": "yes",
        "man_made": "silo"
      },
      "geometry": {
        "type": "Polygon",
        "coordinates": [
          [
            [
              -98.4753795,
              38.8256342
            ],
            [
              -98.4754751,
              38.8253032
            ],
            [
              -98.4742412,
              38.8251021
            ],
            [
              -98.4742046,
              38.8252446
            ],
            [
              -98.4751214,
              38.8253919
            ],
            [
              -98.4750624,
              38.8255787
            ],
            [
              -98.4753795,
              38.8256342
            ]
          ]
        ]
      },
      "id": "way/433173170"
    },
    {
      "type": "Feature",
      "properties": {
        "@id": "way/585752693",
        "abandoned:building": "yes",
        "addr:city": "Esbon",
        "addr:housenumber": "502",
        "addr:postcode": "66941",
        "addr:state": "KS",
        "addr:street": "Grand Avenue",
        "building": "yes",
        "source": "esri/USA_NAD_Addresses"
      },
      "geometry": {
        "type": "Polygon",
        "coordinates": [
          [
            [
              -98.4354169,
              39.822051
            ],
            [
              -98.4354782,
              39.8220018
            ],
            [
              -98.4353536,
              39.8219103
            ],
            [
              -98.4352923,
              39.8219595
            ],
            [
              -98.4354169,
              39.822051
            ]
          ]
        ]
      },
      "id": "way/585752693"
    },
    {
      "type": "Feature",
      "properties": {
        "@id": "way/719918430",
        "abandoned:building": "yes",
        "building": "house",
        "building:levels": "2"
      },
      "geometry": {
        "type": "Polygon",
        "coordinates": [
          [
            [
              -98.7599358,
              36.067502
            ],
            [
              -98.7599368,
              36.0674099
            ],
            [
              -98.759869,
              36.0674094
            ],
            [
              -98.759868,
              36.0675016
            ],
            [
              -98.7599358,
              36.067502
            ]
          ]
        ]
      },
      "id": "way/719918430"
    },
    {
      "type": "Feature",
      "properties": {
        "@id": "way/780355121",
        "abandoned:building": "yes",
        "building": "yes"
      },
      "geometry": {
        "type": "Polygon",
        "coordinates": [
          [
            [
              -98.7601342,
              36.0498129
            ],
            [
              -98.7601353,
              36.0497571
            ],
            [
              -98.7600783,
              36.0497563
            ],
            [
              -98.7600772,
              36.0498122
            ],
            [
              -98.7601342,
              36.0498129
            ]
          ]
        ]
      },
      "id": "way/780355121"
    },
    {
      "type": "Feature",
      "properties": {
        "@id": "way/916088013",
        "abandoned:building": "yes",
        "building": "yes"
      },
      "geometry": {
        "type": "Polygon",
        "coordinates": [
          [
            [
              -90.0695279,
              38.9032684
            ],
            [
              -90.0694305,
              38.9032706
            ],
            [
              -90.0694381,
              38.9034682
            ],
            [
              -90.0695355,
              38.9034659
            ],
            [
              -90.0695279,
              38.9032684
            ]
          ]
        ]
      },
      "id": "way/916088013"
    },
    {
      "type": "Feature",
      "properties": {
        "@id": "way/1192225793",
        "abandoned:building": "yes",
        "building": "yes",
        "public_transport": "station",
        "railway": "station",
        "source": "microsoft/BuildingFootprints",
        "train": "yes"
      },
      "geometry": {
        "type": "Polygon",
        "coordinates": [
          [
            [
              -93.764265,
              41.0393536
            ],
            [
              -93.7643968,
              41.0393849
            ],
            [
              -93.764439,
              41.0392837
            ],
            [
              -93.7645,
              41.0392981
            ],
            [
              -93.7645469,
              41.0391859
            ],
            [
              -93.7645249,
              41.0391806
            ],
            [
              -93.7645733,
              41.0390647
            ],
            [
              -93.7646172,
              41.0390751
            ],
            [
              -93.7646388,
              41.0390236
            ],
            [
              -93.7646095,
              41.0390166
            ],
            [
              -93.7646494,
              41.0389209
            ],
            [
              -93.7644493,
              41.0388734
            ],
            [
              -93.7642972,
              41.0392378
            ],
            [
              -93.7643118,
              41.0392413
            ],
            [
              -93.764265,
              41.0393536
            ]
          ]
        ]
      },
      "id": "way/1192225793"
    },
    {
      "type": "Feature",
      "properties": {
        "@id": "way/1214956073",
        "abandoned:building": "yes",
        "building": "yes",
        "man_made": "pumping_station",
        "operator": "KC Water"
      },
      "geometry": {
        "type": "Polygon",
        "coordinates": [
          [
            [
              -94.5885651,
              39.1540337
            ],
            [
              -94.5886704,
              39.1539867
            ],
            [
              -94.588577,
              39.1538607
            ],
            [
              -94.5884717,
              39.1539076
            ],
            [
              -94.5885176,
              39.1539696
            ],
            [
              -94.5885651,
              39.1540337
            ]
          ]
        ]
      },
      "id": "way/1214956073"
    },
    {
      "type": "Feature",
      "properties": {
        "@id": "way/1298126584",
        "abandoned:building": "yes",
        "addr:city": "Maitland",
        "addr:housenumber": "311",
        "addr:postcode": "64466",
        "addr:state": "MO",
        "addr:street": "South 2nd Street",
        "building": "yes"
      },
      "geometry": {
        "type": "Polygon",
        "coordinates": [
          [
            [
              -95.0737141,
              40.1999866
            ],
            [
              -95.0737151,
              40.1999176
            ],
            [
              -95.0735792,
              40.1999164
            ],
            [
              -95.0735782,
              40.1999854
            ],
            [
              -95.0737141,
              40.1999866
            ]
          ]
        ]
      },
      "id": "way/1298126584"
    },
    {
      "type": "Feature",
      "properties": {
        "@id": "way/1330443386",
        "abandoned:building": "yes",
        "access": "no",
        "building": "yes",
        "building:levels": "2",
        "building:material": "brick",
        "name": "Odd Fellows Building",
        "wikimedia_commons": "File:Odd Fellows Building - Foley, MO (42750771282).jpg"
      },
      "geometry": {
        "type": "Polygon",
        "coordinates": [
          [
            [
              -90.7424158,
              39.0451435
            ],
            [
              -90.7425966,
              39.0451386
            ],
            [
              -90.7425879,
              39.0449448
            ],
            [
              -90.7424071,
              39.0449497
            ],
            [
              -90.7424158,
              39.0451435
            ]
          ]
        ]
      },
      "id": "way/1330443386"
    },
    {
      "type": "Feature",
      "properties": {
        "@id": "way/1337556664",
        "abandoned:building": "yes",
        "addr:city": "Winfield",
        "addr:housenumber": "417",
        "addr:postcode": "63389",
        "addr:state": "MO",
        "addr:street": "2nd Street",
        "building": "yes",
        "wheelchair": "no"
      },
      "geometry": {
        "type": "Polygon",
        "coordinates": [
          [
            [
              -90.7396866,
              38.9978818
            ],
            [
              -90.7400294,
              38.9978691
            ],
            [
              -90.7400212,
              38.9977339
            ],
            [
              -90.7396783,
              38.9977466
            ],
            [
              -90.7396866,
              38.9978818
            ]
          ]
        ]
      },
      "id": "way/1337556664"
    },
    {
      "type": "Feature",
      "properties": {
        "@id": "way/1342468878",
        "abandoned:building": "yes",
        "building": "yes"
      },
      "geometry": {
        "type": "Polygon",
        "coordinates": [
          [
            [
              -90.7908085,
              39.4418306
            ],
            [
              -90.7911072,
              39.4418308
            ],
            [
              -90.7911073,
              39.4417609
            ],
            [
              -90.7908243,
              39.4417607
            ],
            [
              -90.7908086,
              39.4417774
            ],
            [
              -90.7908085,
              39.4418306
            ]
          ]
        ]
      },
      "id": "way/1342468878"
    },
    {
      "type": "Feature",
      "properties": {
        "@id": "way/1342468880",
        "abandoned:building": "yes",
        "building": "yes"
      },
      "geometry": {
        "type": "Polygon",
        "coordinates": [
          [
            [
              -90.791215,
              39.4422598
            ],
            [
              -90.7912163,
              39.4421734
            ],
            [
              -90.7911083,
              39.4421724
            ],
            [
              -90.791107,
              39.4422588
            ],
            [
              -90.791215,
              39.4422598
            ]
          ]
        ]
      },
      "id": "way/1342468880"
    },
    {
      "type": "Feature",
      "properties": {
        "@id": "way/1406134513",
        "abandoned:building": "yes",
        "building": "yes",
        "man_made": "tower"
      },
      "geometry": {
        "type": "Polygon",
        "coordinates": [
          [
            [
              -91.3548251,
              40.3949732
            ],
            [
              -91.3548303,
              40.3948655
            ],
            [
              -91.3547577,
              40.3948634
            ],
            [
              -91.3547525,
              40.3949712
            ],
            [
              -91.3548251,
              40.3949732
            ]
          ]
        ]
      },
      "id": "way/1406134513"
    },
    {
      "type": "Feature",
      "properties": {
        "@id": "way/1451507231",
        "abandoned:building": "yes",
        "abandoned:craft": "blacksmith",
        "historic": "building"
      },
      "geometry": {
        "type": "Polygon",
        "coordinates": [
          [
            [
              -92.5692259,
              36.132275
            ],
            [
              -92.5691878,
              36.1322403
            ],
            [
              -92.5691279,
              36.1322831
            ],
            [
              -92.5691659,
              36.1323178
            ],
            [
              -92.5692259,
              36.132275
            ]
          ]
        ]
      },
      "id": "way/1451507231"
    },
    {
      "type": "Feature",
      "properties": {
        "@id": "way/1466891666",
        "abandoned:building": "yes",
        "building": "yes",
        "man_made": "silo"
      },
      "geometry": {
        "type": "Polygon",
        "coordinates": [
          [
            [
              -94.31283,
              38.8647023
            ],
            [
              -94.3128242,
              38.8647041
            ],
            [
              -94.3128194,
              38.8647071
            ],
            [
              -94.312816,
              38.8647114
            ],
            [
              -94.3128146,
              38.8647163
            ],
            [
              -94.3128154,
              38.8647214
            ],
            [
              -94.3128183,
              38.8647259
            ],
            [
              -94.3128229,
              38.8647294
            ],
            [
              -94.3128288,
              38.8647316
            ],
            [
              -94.3128353,
              38.864732
            ],
            [
              -94.3128416,
              38.8647308
            ],
            [
              -94.312847,
              38.864728
            ],
            [
              -94.3128508,
              38.8647242
            ],
            [
              -94.3128528,
              38.8647196
            ],
            [
              -94.3128529,
              38.8647148
            ],
            [
              -94.312851,
              38.8647102
            ],
            [
              -94.3128473,
              38.8647063
            ],
            [
              -94.3128422,
              38.8647035
            ],
            [
              -94.3128362,
              38.8647022
            ],
            [
              -94.31283,
              38.8647023
            ]
          ]
        ]
      },
      "id": "way/1466891666"
    },
    {
      "type": "Feature",
      "properties": {
        "@id": "way/87325061",
        "abandoned:building": "yes",
        "addr:city": "Tulsa",
        "addr:country": "US",
        "addr:housenumber": "6000",
        "addr:postcode": "74145",
        "addr:state": "OK",
        "addr:street": "South Memorial Drive East",
        "name": "Shadow Mountain Clubhouse"
      },
      "geometry": {
        "type": "LineString",
        "coordinates": [
          [
            -95.8897733,
            36.0783862
          ],
          [
            -95.8896944,
            36.0784472
          ],
          [
            -95.8896586,
            36.0784008
          ],
          [
            -95.8895832,
            36.0784591
          ],
          [
            -95.8895469,
            36.0784121
          ],
          [
            -95.8894766,
            36.0784665
          ],
          [
            -95.8894374,
            36.0784159
          ],
          [
            -95.8895763,
            36.0783085
          ],
          [
            -95.8896263,
            36.0783732
          ],
          [
            -95.889712,
            36.0783069
          ],
          [
            -95.8897733,
            36.0783862
          ]
        ]
      },
      "id": "way/87325061"
    },
    {
      "type": "Feature",
      "properties": {
        "@id": "way/91509451",
        "abandoned:building": "yes",
        "ref": "12"
      },
      "geometry": {
        "type": "LineString",
        "coordinates": [
          [
            -95.8901351,
            36.0787591
          ],
          [
            -95.8901589,
            36.0788227
          ],
          [
            -95.8901124,
            36.0788341
          ],
          [
            -95.8901181,
            36.0788571
          ],
          [
            -95.8899873,
            36.0788891
          ],
          [
            -95.8899817,
            36.0788661
          ],
          [
            -95.8899436,
            36.0788754
          ],
          [
            -95.8899198,
            36.0788118
          ],
          [
            -95.8901351,
            36.0787591
          ]
        ]
      },
      "id": "way/91509451"
    },
    {
      "type": "Feature",
      "properties": {
        "@id": "way/91509476",
        "abandoned:building": "yes",
        "ref": "5"
      },
      "geometry": {
        "type": "LineString",
        "coordinates": [
          [
            -95.8883266,
            36.0787031
          ],
          [
            -95.8880667,
            36.0787031
          ],
          [
            -95.8880667,
            36.0786189
          ],
          [
            -95.8881747,
            36.0786189
          ],
          [
            -95.8881747,
            36.0786519
          ],
          [
            -95.8882204,
            36.0786519
          ],
          [
            -95.8882204,
            36.0786189
          ],
          [
            -95.8883266,
            36.0786189
          ],
          [
            -95.8883266,
            36.0787031
          ]
        ]
      },
      "id": "way/91509476"
    },
    {
      "type": "Feature",
      "properties": {
        "@id": "way/91509477",
        "abandoned:building": "yes",
        "ref": "14"
      },
      "geometry": {
        "type": "LineString",
        "coordinates": [
          [
            -95.8907175,
            36.0785875
          ],
          [
            -95.8904862,
            36.078702
          ],
          [
            -95.8905131,
            36.0787564
          ],
          [
            -95.8905503,
            36.078738
          ],
          [
            -95.8905616,
            36.0787608
          ],
          [
            -95.8907186,
            36.078683
          ],
          [
            -95.8907104,
            36.0786665
          ],
          [
            -95.8907475,
            36.0786481
          ],
          [
            -95.8907175,
            36.0785875
          ]
        ]
      },
      "id": "way/91509477"
    },
    {
      "type": "Feature",
      "properties": {
        "@id": "way/91509478",
        "abandoned:building": "yes",
        "ref": "10"
      },
      "geometry": {
        "type": "LineString",
        "coordinates": [
          [
            -95.8895212,
            36.0788587
          ],
          [
            -95.8894848,
            36.0788593
          ],
          [
            -95.8894852,
            36.0788819
          ],
          [
            -95.8893271,
            36.0788847
          ],
          [
            -95.8893267,
            36.0788617
          ],
          [
            -95.8892886,
            36.0788624
          ],
          [
            -95.8892875,
            36.0788025
          ],
          [
            -95.8895202,
            36.0787984
          ],
          [
            -95.8895212,
            36.0788587
          ]
        ]
      },
      "id": "way/91509478"
    },
    {
      "type": "Feature",
      "properties": {
        "@id": "way/91509479",
        "abandoned:building": "yes",
        "ref": "2"
      },
      "geometry": {
        "type": "LineString",
        "coordinates": [
          [
            -95.8877518,
            36.0781814
          ],
          [
            -95.8879202,
            36.0781869
          ],
          [
            -95.8879152,
            36.0782876
          ],
          [
            -95.8877468,
            36.0782821
          ],
          [
            -95.8877518,
            36.0781814
          ]
        ]
      },
      "id": "way/91509479"
    },
    {
      "type": "Feature",
      "properties": {
        "@id": "way/91509482",
        "abandoned:building": "yes",
        "ref": "9"
      },
      "geometry": {
        "type": "LineString",
        "coordinates": [
          [
            -95.8892122,
            36.0788121
          ],
          [
            -95.889199,
            36.0788664
          ],
          [
            -95.8891494,
            36.0788544
          ],
          [
            -95.8891433,
            36.0788794
          ],
          [
            -95.8889817,
            36.07884
          ],
          [
            -95.8889869,
            36.0788188
          ],
          [
            -95.8889443,
            36.0788085
          ],
          [
            -95.8889585,
            36.0787502
          ],
          [
            -95.8892122,
            36.0788121
          ]
        ]
      },
      "id": "way/91509482"
    },
    {
      "type": "Feature",
      "properties": {
        "@id": "way/91509492",
        "abandoned:building": "yes",
        "access": "private",
        "name": "Laundry Center 5"
      },
      "geometry": {
        "type": "LineString",
        "coordinates": [
          [
            -95.8887895,
            36.0766169
          ],
          [
            -95.8887423,
            36.0766166
          ],
          [
            -95.8887015,
            36.0766164
          ],
          [
            -95.8887008,
            36.0765472
          ],
          [
            -95.8887888,
            36.0765478
          ],
          [
            -95.8887895,
            36.0766169
          ]
        ]
      },
      "id": "way/91509492"
    },
    {
      "type": "Feature",
      "properties": {
        "@id": "way/91509506",
        "abandoned:building": "yes",
        "ref": "16"
      },
      "geometry": {
        "type": "LineString",
        "coordinates": [
          [
            -95.891322,
            36.0773542
          ],
          [
            -95.8912913,
            36.0773539
          ],
          [
            -95.8912909,
            36.077397
          ],
          [
            -95.8912117,
            36.0773962
          ],
          [
            -95.8912122,
            36.0773531
          ],
          [
            -95.8911741,
            36.0773527
          ],
          [
            -95.8911761,
            36.0772195
          ],
          [
            -95.8912151,
            36.0772199
          ],
          [
            -95.8912155,
            36.0771752
          ],
          [
            -95.8912931,
            36.0771759
          ],
          [
            -95.8912927,
            36.0772206
          ],
          [
            -95.891324,
            36.077221
          ],
          [
            -95.891322,
            36.0773542
          ]
        ]
      },
      "id": "way/91509506"
    },
    {
      "type": "Feature",
      "properties": {
        "@id": "way/91509511",
        "abandoned:building": "yes",
        "ref": "8"
      },
      "geometry": {
        "type": "LineString",
        "coordinates": [
          [
            -95.8888862,
            36.0788173
          ],
          [
            -95.8888658,
            36.0788593
          ],
          [
            -95.8888267,
            36.0788404
          ],
          [
            -95.8888154,
            36.0788637
          ],
          [
            -95.8886476,
            36.0787824
          ],
          [
            -95.8886563,
            36.0787645
          ],
          [
            -95.8886283,
            36.0787509
          ],
          [
            -95.8886513,
            36.0787034
          ],
          [
            -95.8888862,
            36.0788173
          ]
        ]
      },
      "id": "way/91509511"
    },
    {
      "type": "Feature",
      "properties": {
        "@id": "way/91509515",
        "abandoned:building": "yes",
        "ref": "11"
      },
      "geometry": {
        "type": "LineString",
        "coordinates": [
          [
            -95.8898231,
            36.0787811
          ],
          [
            -95.8898286,
            36.0788467
          ],
          [
            -95.8897792,
            36.0788494
          ],
          [
            -95.8897805,
            36.0788728
          ],
          [
            -95.8896151,
            36.0788819
          ],
          [
            -95.8896138,
            36.0788585
          ],
          [
            -95.8895621,
            36.0788613
          ],
          [
            -95.8895566,
            36.0787957
          ],
          [
            -95.8898231,
            36.0787811
          ]
        ]
      },
      "id": "way/91509515"
    },
    {
      "type": "Feature",
      "properties": {
        "@id": "way/91509525",
        "abandoned:building": "yes",
        "ref": "13"
      },
      "geometry": {
        "type": "LineString",
        "coordinates": [
          [
            -95.890438,
            36.0786946
          ],
          [
            -95.8902067,
            36.0788091
          ],
          [
            -95.8902336,
            36.0788635
          ],
          [
            -95.8902707,
            36.0788451
          ],
          [
            -95.890282,
            36.0788679
          ],
          [
            -95.8904391,
            36.0787902
          ],
          [
            -95.8904309,
            36.0787736
          ],
          [
            -95.890468,
            36.0787553
          ],
          [
            -95.890438,
            36.0786946
          ]
        ]
      },
      "id": "way/91509525"
    },
    {
      "type": "Feature",
      "properties": {
        "@id": "way/91509528",
        "abandoned:building": "yes",
        "ref": "4"
      },
      "geometry": {
        "type": "LineString",
        "coordinates": [
          [
            -95.8878177,
            36.0786922
          ],
          [
            -95.8878177,
            36.0786098
          ],
          [
            -95.8880337,
            36.0786098
          ],
          [
            -95.8880337,
            36.0786922
          ],
          [
            -95.8878177,
            36.0786922
          ]
        ]
      },
      "id": "way/91509528"
    },
    {
      "type": "Feature",
      "properties": {
        "@id": "way/91509535",
        "abandoned:building": "yes",
        "ref": "6"
      },
      "geometry": {
        "type": "LineString",
        "coordinates": [
          [
            -95.8882699,
            36.0784944
          ],
          [
            -95.8881466,
            36.0785405
          ],
          [
            -95.8879873,
            36.0782623
          ],
          [
            -95.8881106,
            36.0782162
          ],
          [
            -95.8882699,
            36.0784944
          ]
        ]
      },
      "id": "way/91509535"
    },
    {
      "type": "Feature",
      "properties": {
        "@id": "way/91509538",
        "abandoned:building": "yes",
        "ref": "1"
      },
      "geometry": {
        "type": "LineString",
        "coordinates": [
          [
            -95.8880081,
            36.0782345
          ],
          [
            -95.8879037,
            36.0780569
          ],
          [
            -95.8880063,
            36.0780176
          ],
          [
            -95.8881106,
            36.0781952
          ],
          [
            -95.8880081,
            36.0782345
          ]
        ]
      },
      "id": "way/91509538"
    },
    {
      "type": "Feature",
      "properties": {
        "@id": "way/91509542",
        "abandoned:building": "yes",
        "ref": "15"
      },
      "geometry": {
        "type": "LineString",
        "coordinates": [
          [
            -95.891283,
            36.0776213
          ],
          [
            -95.8912488,
            36.0776213
          ],
          [
            -95.8912488,
            36.0776676
          ],
          [
            -95.8911726,
            36.0776676
          ],
          [
            -95.8911726,
            36.0776213
          ],
          [
            -95.8911483,
            36.0776213
          ],
          [
            -95.8911483,
            36.0774962
          ],
          [
            -95.8911712,
            36.0774962
          ],
          [
            -95.8911712,
            36.0774479
          ],
          [
            -95.8912517,
            36.0774479
          ],
          [
            -95.8912517,
            36.0774962
          ],
          [
            -95.891283,
            36.0774962
          ],
          [
            -95.891283,
            36.0776213
          ]
        ]
      },
      "id": "way/91509542"
    },
    {
      "type": "Feature",
      "properties": {
        "@id": "way/91509546",
        "abandoned:building": "yes",
        "ref": "3"
      },
      "geometry": {
        "type": "LineString",
        "coordinates": [
          [
            -95.8877467,
            36.0786422
          ],
          [
            -95.8876472,
            36.0786045
          ],
          [
            -95.887728,
            36.0783913
          ],
          [
            -95.8878274,
            36.0784289
          ],
          [
            -95.8877467,
            36.0786422
          ]
        ]
      },
      "id": "way/91509546"
    },
    {
      "type": "Feature",
      "properties": {
        "@id": "way/91509558",
        "abandoned:building": "yes",
        "ref": "7"
      },
      "geometry": {
        "type": "LineString",
        "coordinates": [
          [
            -95.8885571,
            36.0786785
          ],
          [
            -95.8884724,
            36.0787241
          ],
          [
            -95.8883236,
            36.0785433
          ],
          [
            -95.8884083,
            36.0784978
          ],
          [
            -95.8885571,
            36.0786785
          ]
        ]
      },
      "id": "way/91509558"
    },
    {
      "type": "Feature",
      "properties": {
        "@id": "way/91509571",
        "abandoned:building": "yes",
        "ref": "64"
      },
      "geometry": {
        "type": "LineString",
        "coordinates": [
          [
            -95.8889422,
            36.0764744
          ],
          [
            -95.8885643,
            36.0764756
          ],
          [
            -95.8885643,
            36.0763854
          ],
          [
            -95.8889422,
            36.0763842
          ],
          [
            -95.8889422,
            36.0764744
          ]
        ]
      },
      "id": "way/91509571"
    },
    {
      "type": "Feature",
      "properties": {
        "@id": "way/91509574",
        "abandoned:building": "yes",
        "ref": "59"
      },
      "geometry": {
        "type": "LineString",
        "coordinates": [
          [
            -95.8878872,
            36.0775939
          ],
          [
            -95.8877966,
            36.0775524
          ],
          [
            -95.8879311,
            36.0773608
          ],
          [
            -95.8880216,
            36.0774023
          ],
          [
            -95.8878872,
            36.0775939
          ]
        ]
      },
      "id": "way/91509574"
    },
    {
      "type": "Feature",
      "properties": {
        "@id": "way/92368713",
        "abandoned:building": "yes",
        "access": "private",
        "name": "Laundry Center 2"
      },
      "geometry": {
        "type": "LineString",
        "coordinates": [
          [
            -95.8895975,
            36.0777316
          ],
          [
            -95.8895065,
            36.0777355
          ],
          [
            -95.8895037,
            36.0776688
          ],
          [
            -95.8895946,
            36.0776649
          ],
          [
            -95.8895975,
            36.0777316
          ]
        ]
      },
      "id": "way/92368713"
    },
    {
      "type": "Feature",
      "properties": {
        "@id": "way/97581375",
        "abandoned:building": "yes",
        "ref": "93"
      },
      "geometry": {
        "type": "LineString",
        "coordinates": [
          [
            -95.8911611,
            36.0769859
          ],
          [
            -95.8910629,
            36.0770246
          ],
          [
            -95.890966,
            36.0768641
          ],
          [
            -95.8910642,
            36.0768254
          ],
          [
            -95.8911611,
            36.0769859
          ]
        ]
      },
      "id": "way/97581375"
    },
    {
      "type": "Feature",
      "properties": {
        "@id": "way/97581376",
        "abandoned:building": "yes",
        "ref": "95"
      },
      "geometry": {
        "type": "LineString",
        "coordinates": [
          [
            -95.890847,
            36.076799
          ],
          [
            -95.8907313,
            36.0767988
          ],
          [
            -95.8907317,
            36.0766642
          ],
          [
            -95.8908474,
            36.0766644
          ],
          [
            -95.890847,
            36.076799
          ]
        ]
      },
      "id": "way/97581376"
    },
    {
      "type": "Feature",
      "properties": {
        "@id": "way/97581378",
        "abandoned:building": "yes",
        "ref": "94"
      },
      "geometry": {
        "type": "LineString",
        "coordinates": [
          [
            -95.8909178,
            36.0769898
          ],
          [
            -95.890711,
            36.0769903
          ],
          [
            -95.8907105,
            36.0768403
          ],
          [
            -95.8909173,
            36.0768398
          ],
          [
            -95.8909178,
            36.0769898
          ]
        ]
      },
      "id": "way/97581378"
    },
    {
      "type": "Feature",
      "properties": {
        "@id": "way/97581383",
        "abandoned:building": "yes",
        "ref": "100"
      },
      "geometry": {
        "type": "LineString",
        "coordinates": [
          [
            -95.8902022,
            36.0765213
          ],
          [
            -95.8896753,
            36.0765213
          ],
          [
            -95.8896753,
            36.0764311
          ],
          [
            -95.8902022,
            36.0764311
          ],
          [
            -95.8902022,
            36.0765213
          ]
        ]
      },
      "id": "way/97581383"
    },
    {
      "type": "Feature",
      "properties": {
        "@id": "way/97581384",
        "abandoned:building": "yes",
        "ref": "92"
      },
      "geometry": {
        "type": "LineString",
        "coordinates": [
          [
            -95.8911072,
            36.0767696
          ],
          [
            -95.890996,
            36.0768135
          ],
          [
            -95.8907898,
            36.0764726
          ],
          [
            -95.890901,
            36.0764286
          ],
          [
            -95.8911072,
            36.0767696
          ]
        ]
      },
      "id": "way/97581384"
    },
    {
      "type": "Feature",
      "properties": {
        "@id": "way/97581386",
        "abandoned:building": "yes",
        "ref": "63"
      },
      "geometry": {
        "type": "LineString",
        "coordinates": [
          [
            -95.888519,
            36.0765229
          ],
          [
            -95.8880402,
            36.0765229
          ],
          [
            -95.8880402,
            36.0764327
          ],
          [
            -95.888519,
            36.0764327
          ],
          [
            -95.888519,
            36.0765229
          ]
        ]
      },
      "id": "way/97581386"
    },
    {
      "type": "Feature",
      "properties": {
        "@id": "way/97581887",
        "abandoned:building": "yes",
        "access": "private"
      },
      "geometry": {
        "type": "LineString",
        "coordinates": [
          [
            -95.8897438,
            36.0760533
          ],
          [
            -95.8896525,
            36.0760537
          ],
          [
            -95.889652,
            36.0759861
          ],
          [
            -95.8897433,
            36.0759857
          ],
          [
            -95.8897438,
            36.0760533
          ]
        ]
      },
      "id": "way/97581887"
    },
    {
      "type": "Feature",
      "properties": {
        "@id": "way/97581890",
        "abandoned:building": "yes",
        "access": "private"
      },
      "geometry": {
        "type": "LineString",
        "coordinates": [
          [
            -95.8882533,
            36.0759999
          ],
          [
            -95.888162,
            36.0760012
          ],
          [
            -95.8881625,
            36.0759203
          ],
          [
            -95.8882538,
            36.0759191
          ],
          [
            -95.8882533,
            36.0759999
          ]
        ]
      },
      "id": "way/97581890"
    },
    {
      "type": "Feature",
      "properties": {
        "@id": "way/97581895",
        "abandoned:building": "yes",
        "access": "private"
      },
      "geometry": {
        "type": "LineString",
        "coordinates": [
          [
            -95.8899987,
            36.0766559
          ],
          [
            -95.8899074,
            36.0766572
          ],
          [
            -95.8899079,
            36.0765763
          ],
          [
            -95.8899992,
            36.0765751
          ],
          [
            -95.8899987,
            36.0766559
          ]
        ]
      },
      "id": "way/97581895"
    },
    {
      "type": "Feature",
      "properties": {
        "@id": "way/97583587",
        "abandoned:building": "yes",
        "ref": "71"
      },
      "geometry": {
        "type": "LineString",
        "coordinates": [
          [
            -95.8883022,
            36.0762331
          ],
          [
            -95.8881178,
            36.0762327
          ],
          [
            -95.8881184,
            36.0760466
          ],
          [
            -95.8883029,
            36.076047
          ],
          [
            -95.8883022,
            36.0762331
          ]
        ]
      },
      "id": "way/97583587"
    },
    {
      "type": "Feature",
      "properties": {
        "@id": "way/97583588",
        "abandoned:building": "yes",
        "ref": "78"
      },
      "geometry": {
        "type": "LineString",
        "coordinates": [
          [
            -95.88888,
            36.0760506
          ],
          [
            -95.8886872,
            36.0760492
          ],
          [
            -95.888689,
            36.0759018
          ],
          [
            -95.8888818,
            36.0759032
          ],
          [
            -95.88888,
            36.0760506
          ]
        ]
      },
      "id": "way/97583588"
    },
    {
      "type": "Feature",
      "properties": {
        "@id": "way/97583590",
        "abandoned:building": "yes",
        "ref": "99"
      },
      "geometry": {
        "type": "LineString",
        "coordinates": [
          [
            -95.8896258,
            36.0766288
          ],
          [
            -95.8894414,
            36.0766284
          ],
          [
            -95.889442,
            36.0764423
          ],
          [
            -95.8896265,
            36.0764427
          ],
          [
            -95.8896258,
            36.0766288
          ]
        ]
      },
      "id": "way/97583590"
    },
    {
      "type": "Feature",
      "properties": {
        "@id": "way/97583591",
        "abandoned:building": "yes",
        "ref": "88"
      },
      "geometry": {
        "type": "LineString",
        "coordinates": [
          [
            -95.8905156,
            36.0760784
          ],
          [
            -95.8903228,
            36.076077
          ],
          [
            -95.8903245,
            36.0759296
          ],
          [
            -95.8905173,
            36.0759311
          ],
          [
            -95.8905156,
            36.0760784
          ]
        ]
      },
      "id": "way/97583591"
    },
    {
      "type": "Feature",
      "properties": {
        "@id": "way/97583593",
        "abandoned:building": "yes",
        "ref": "56"
      },
      "geometry": {
        "type": "LineString",
        "coordinates": [
          [
            -95.888473,
            36.0769463
          ],
          [
            -95.8882886,
            36.0769459
          ],
          [
            -95.8882892,
            36.0767598
          ],
          [
            -95.8884736,
            36.0767602
          ],
          [
            -95.888473,
            36.0769463
          ]
        ]
      },
      "id": "way/97583593"
    },
    {
      "type": "Feature",
      "properties": {
        "@id": "way/97583594",
        "abandoned:building": "yes",
        "ref": "89"
      },
      "geometry": {
        "type": "LineString",
        "coordinates": [
          [
            -95.8902397,
            36.0760499
          ],
          [
            -95.8900553,
            36.0760495
          ],
          [
            -95.8900559,
            36.0758634
          ],
          [
            -95.8902403,
            36.0758638
          ],
          [
            -95.8902397,
            36.0760499
          ]
        ]
      },
      "id": "way/97583594"
    },
    {
      "type": "Feature",
      "properties": {
        "@id": "way/97583595",
        "abandoned:building": "yes",
        "ref": "90"
      },
      "geometry": {
        "type": "LineString",
        "coordinates": [
          [
            -95.8899767,
            36.0760509
          ],
          [
            -95.8897839,
            36.0760489
          ],
          [
            -95.8897862,
            36.075899
          ],
          [
            -95.8899791,
            36.075901
          ],
          [
            -95.8899767,
            36.0760509
          ]
        ]
      },
      "id": "way/97583595"
    },
    {
      "type": "Feature",
      "properties": {
        "@id": "way/97583597",
        "abandoned:building": "yes",
        "ref": "69"
      },
      "geometry": {
        "type": "LineString",
        "coordinates": [
          [
            -95.8890536,
            36.0762388
          ],
          [
            -95.8888608,
            36.0762374
          ],
          [
            -95.8888626,
            36.0760821
          ],
          [
            -95.8890554,
            36.0760835
          ],
          [
            -95.8890536,
            36.0762388
          ]
        ]
      },
      "id": "way/97583597"
    },
    {
      "type": "Feature",
      "properties": {
        "@id": "way/97583598",
        "abandoned:building": "yes",
        "ref": "73"
      },
      "geometry": {
        "type": "LineString",
        "coordinates": [
          [
            -95.8878864,
            36.075935
          ],
          [
            -95.887702,
            36.0759346
          ],
          [
            -95.8877026,
            36.0757485
          ],
          [
            -95.887887,
            36.0757489
          ],
          [
            -95.8878864,
            36.075935
          ]
        ]
      },
      "id": "way/97583598"
    },
    {
      "type": "Feature",
      "properties": {
        "@id": "way/97583599",
        "abandoned:building": "yes",
        "ref": "65"
      },
      "geometry": {
        "type": "LineString",
        "coordinates": [
          [
            -95.8891904,
            36.0766337
          ],
          [
            -95.889006,
            36.0766333
          ],
          [
            -95.8890066,
            36.0764472
          ],
          [
            -95.8891911,
            36.0764476
          ],
          [
            -95.8891904,
            36.0766337
          ]
        ]
      },
      "id": "way/97583599"
    },
    {
      "type": "Feature",
      "properties": {
        "@id": "way/97583600",
        "abandoned:building": "yes",
        "ref": "52"
      },
      "geometry": {
        "type": "LineString",
        "coordinates": [
          [
            -95.8897958,
            36.0781397
          ],
          [
            -95.8897149,
            36.0781395
          ],
          [
            -95.8897149,
            36.078114
          ],
          [
            -95.8896908,
            36.0781139
          ],
          [
            -95.8896908,
            36.0781395
          ],
          [
            -95.8896114,
            36.0781393
          ],
          [
            -95.889612,
            36.0779532
          ],
          [
            -95.889686,
            36.0779533
          ],
          [
            -95.8896859,
            36.0779833
          ],
          [
            -95.8897145,
            36.0779833
          ],
          [
            -95.8897146,
            36.0779534
          ],
          [
            -95.8897964,
            36.0779536
          ],
          [
            -95.8897958,
            36.0781397
          ]
        ]
      },
      "id": "way/97583600"
    },
    {
      "type": "Feature",
      "properties": {
        "@id": "way/97583601",
        "abandoned:building": "yes",
        "ref": "85"
      },
      "geometry": {
        "type": "LineString",
        "coordinates": [
          [
            -95.8896271,
            36.0760618
          ],
          [
            -95.8894343,
            36.0760604
          ],
          [
            -95.8894361,
            36.0759051
          ],
          [
            -95.8896289,
            36.0759065
          ],
          [
            -95.8896271,
            36.0760618
          ]
        ]
      },
      "id": "way/97583601"
    },
    {
      "type": "Feature",
      "properties": {
        "@id": "way/97583602",
        "abandoned:building": "yes",
        "ref": "74"
      },
      "geometry": {
        "type": "LineString",
        "coordinates": [
          [
            -95.8881234,
            36.0759332
          ],
          [
            -95.887939,
            36.0759328
          ],
          [
            -95.8879396,
            36.0757467
          ],
          [
            -95.888124,
            36.0757471
          ],
          [
            -95.8881234,
            36.0759332
          ]
        ]
      },
      "id": "way/97583602"
    },
    {
      "type": "Feature",
      "properties": {
        "@id": "way/97583604",
        "abandoned:building": "yes",
        "ref": "77"
      },
      "geometry": {
        "type": "LineString",
        "coordinates": [
          [
            -95.8892249,
            36.0760624
          ],
          [
            -95.8890321,
            36.076061
          ],
          [
            -95.8890339,
            36.0759057
          ],
          [
            -95.8892267,
            36.0759071
          ],
          [
            -95.8892249,
            36.0760624
          ]
        ]
      },
      "id": "way/97583604"
    },
    {
      "type": "Feature",
      "properties": {
        "@id": "way/97583606",
        "abandoned:building": "yes",
        "ref": "53"
      },
      "geometry": {
        "type": "LineString",
        "coordinates": [
          [
            -95.8895246,
            36.0781395
          ],
          [
            -95.8894469,
            36.0781394
          ],
          [
            -95.889447,
            36.0781121
          ],
          [
            -95.8894203,
            36.078112
          ],
          [
            -95.8894203,
            36.0781393
          ],
          [
            -95.8893402,
            36.0781391
          ],
          [
            -95.8893408,
            36.0779529
          ],
          [
            -95.8894147,
            36.0779531
          ],
          [
            -95.8894147,
            36.0779806
          ],
          [
            -95.8894418,
            36.0779807
          ],
          [
            -95.8894418,
            36.0779531
          ],
          [
            -95.8895253,
            36.0779533
          ],
          [
            -95.8895246,
            36.0781395
          ]
        ]
      },
      "id": "way/97583606"
    },
    {
      "type": "Feature",
      "properties": {
        "@id": "way/98564327",
        "abandoned:building": "yes",
        "ref": "72"
      },
      "geometry": {
        "type": "LineString",
        "coordinates": [
          [
            -95.8874848,
            36.0760901
          ],
          [
            -95.8880304,
            36.0760901
          ],
          [
            -95.8880304,
            36.0762292
          ],
          [
            -95.8874848,
            36.0762292
          ],
          [
            -95.8874848,
            36.0760901
          ]
        ]
      },
      "id": "way/98564327"
    },
    {
      "type": "Feature",
      "properties": {
        "@id": "way/98564328",
        "abandoned:building": "yes",
        "ref": "81"
      },
      "geometry": {
        "type": "LineString",
        "coordinates": [
          [
            -95.8904002,
            36.0759012
          ],
          [
            -95.8904002,
            36.0757331
          ],
          [
            -95.8905392,
            36.0757331
          ],
          [
            -95.8905392,
            36.0757979
          ],
          [
            -95.8905197,
            36.0757978
          ],
          [
            -95.8905197,
            36.075837
          ],
          [
            -95.8905392,
            36.075837
          ],
          [
            -95.8905392,
            36.0759012
          ],
          [
            -95.8904002,
            36.0759012
          ]
        ]
      },
      "id": "way/98564328"
    },
    {
      "type": "Feature",
      "properties": {
        "@id": "way/98564331",
        "abandoned:building": "yes",
        "ref": "24"
      },
      "geometry": {
        "type": "LineString",
        "coordinates": [
          [
            -95.8887703,
            36.0774803
          ],
          [
            -95.8886892,
            36.0775451
          ],
          [
            -95.8886655,
            36.0775224
          ],
          [
            -95.8886473,
            36.077537
          ],
          [
            -95.888671,
            36.0775597
          ],
          [
            -95.8885907,
            36.0776239
          ],
          [
            -95.8884898,
            36.0775416
          ],
          [
            -95.8885621,
            36.0774837
          ],
          [
            -95.8886078,
            36.0775186
          ],
          [
            -95.888648,
            36.0774865
          ],
          [
            -95.8886023,
            36.0774516
          ],
          [
            -95.8886694,
            36.0773979
          ],
          [
            -95.8887703,
            36.0774803
          ]
        ]
      },
      "id": "way/98564331"
    },
    {
      "type": "Feature",
      "properties": {
        "@id": "way/98564333",
        "abandoned:building": "yes",
        "ref": "19"
      },
      "geometry": {
        "type": "LineString",
        "coordinates": [
          [
            -95.8888652,
            36.0782402
          ],
          [
            -95.8887862,
            36.0782979
          ],
          [
            -95.8886056,
            36.0781472
          ],
          [
            -95.8886831,
            36.0780775
          ],
          [
            -95.8888652,
            36.0782402
          ]
        ]
      },
      "id": "way/98564333"
    },
    {
      "type": "Feature",
      "properties": {
        "@id": "way/98564334",
        "abandoned:building": "yes",
        "ref": "76"
      },
      "geometry": {
        "type": "LineString",
        "coordinates": [
          [
            -95.8888055,
            36.0757409
          ],
          [
            -95.8892143,
            36.0757409
          ],
          [
            -95.8892143,
            36.0758555
          ],
          [
            -95.889136,
            36.0758555
          ],
          [
            -95.889136,
            36.0758374
          ],
          [
            -95.889084,
            36.0758374
          ],
          [
            -95.889084,
            36.0758555
          ],
          [
            -95.8889327,
            36.0758555
          ],
          [
            -95.8889328,
            36.0758364
          ],
          [
            -95.8888816,
            36.0758364
          ],
          [
            -95.8888816,
            36.0758555
          ],
          [
            -95.8888055,
            36.0758555
          ],
          [
            -95.8888055,
            36.0757409
          ]
        ]
      },
      "id": "way/98564334"
    },
    {
      "type": "Feature",
      "properties": {
        "@id": "way/98564338",
        "abandoned:building": "yes",
        "ref": "79"
      },
      "geometry": {
        "type": "LineString",
        "coordinates": [
          [
            -95.8886234,
            36.076077
          ],
          [
            -95.8883559,
            36.076077
          ],
          [
            -95.8883559,
            36.0759161
          ],
          [
            -95.8886234,
            36.0759161
          ],
          [
            -95.8886234,
            36.076077
          ]
        ]
      },
      "id": "way/98564338"
    },
    {
      "type": "Feature",
      "properties": {
        "@id": "way/98564339",
        "abandoned:building": "yes",
        "ref": "61"
      },
      "geometry": {
        "type": "LineString",
        "coordinates": [
          [
            -95.8880074,
            36.0771164
          ],
          [
            -95.887909,
            36.0771161
          ],
          [
            -95.8879099,
            36.0769365
          ],
          [
            -95.8880083,
            36.0769369
          ],
          [
            -95.8880074,
            36.0771164
          ]
        ]
      },
      "id": "way/98564339"
    },
    {
      "type": "Feature",
      "properties": {
        "@id": "way/98564341",
        "abandoned:building": "yes",
        "ref": "87"
      },
      "geometry": {
        "type": "LineString",
        "coordinates": [
          [
            -95.8898673,
            36.0756971
          ],
          [
            -95.8903747,
            36.0756971
          ],
          [
            -95.8903747,
            36.0758154
          ],
          [
            -95.8902756,
            36.0758154
          ],
          [
            -95.8902756,
            36.0757628
          ],
          [
            -95.8902203,
            36.0757628
          ],
          [
            -95.8902203,
            36.0758154
          ],
          [
            -95.8900244,
            36.0758154
          ],
          [
            -95.8900244,
            36.0757676
          ],
          [
            -95.8899652,
            36.0757676
          ],
          [
            -95.8899652,
            36.0758154
          ],
          [
            -95.8898673,
            36.0758154
          ],
          [
            -95.8898673,
            36.0756971
          ]
        ]
      },
      "id": "way/98564341"
    },
    {
      "type": "Feature",
      "properties": {
        "@id": "way/98564342",
        "abandoned:building": "yes",
        "ref": "22"
      },
      "geometry": {
        "type": "LineString",
        "coordinates": [
          [
            -95.8885821,
            36.0776935
          ],
          [
            -95.8884754,
            36.077779
          ],
          [
            -95.8884148,
            36.0777296
          ],
          [
            -95.8884372,
            36.0777131
          ],
          [
            -95.8883977,
            36.0776809
          ],
          [
            -95.8883753,
            36.0776974
          ],
          [
            -95.8883141,
            36.0776475
          ],
          [
            -95.8884208,
            36.077562
          ],
          [
            -95.8885821,
            36.0776935
          ]
        ]
      },
      "id": "way/98564342"
    },
    {
      "type": "Feature",
      "properties": {
        "@id": "way/98564343",
        "abandoned:building": "yes",
        "ref": "86"
      },
      "geometry": {
        "type": "LineString",
        "coordinates": [
          [
            -95.8898482,
            36.0757402
          ],
          [
            -95.8898487,
            36.0758525
          ],
          [
            -95.8897692,
            36.0758527
          ],
          [
            -95.8897691,
            36.0758382
          ],
          [
            -95.8897184,
            36.0758384
          ],
          [
            -95.8897184,
            36.0758528
          ],
          [
            -95.8895642,
            36.0758533
          ],
          [
            -95.8895641,
            36.0758394
          ],
          [
            -95.8895114,
            36.0758396
          ],
          [
            -95.8895114,
            36.0758534
          ],
          [
            -95.8894379,
            36.0758537
          ],
          [
            -95.8894374,
            36.0757414
          ],
          [
            -95.8898482,
            36.0757402
          ]
        ]
      },
      "id": "way/98564343"
    },
    {
      "type": "Feature",
      "properties": {
        "@id": "way/98564345",
        "abandoned:building": "yes",
        "ref": "84"
      },
      "geometry": {
        "type": "LineString",
        "coordinates": [
          [
            -95.8899421,
            36.0762387
          ],
          [
            -95.8895323,
            36.0762377
          ],
          [
            -95.8895327,
            36.0761241
          ],
          [
            -95.8896081,
            36.0761242
          ],
          [
            -95.8896081,
            36.0761404
          ],
          [
            -95.8896574,
            36.0761405
          ],
          [
            -95.8896575,
            36.0761243
          ],
          [
            -95.8898159,
            36.0761247
          ],
          [
            -95.8898159,
            36.0761414
          ],
          [
            -95.8898628,
            36.0761415
          ],
          [
            -95.8898628,
            36.0761248
          ],
          [
            -95.8899425,
            36.076125
          ],
          [
            -95.8899421,
            36.0762387
          ]
        ]
      },
      "id": "way/98564345"
    },
    {
      "type": "Feature",
      "properties": {
        "@id": "way/98564348",
        "abandoned:building": "yes",
        "ref": "57"
      },
      "geometry": {
        "type": "LineString",
        "coordinates": [
          [
            -95.8885262,
            36.077059
          ],
          [
            -95.8883602,
            36.0771647
          ],
          [
            -95.8883635,
            36.0771699
          ],
          [
            -95.8882792,
            36.0772235
          ],
          [
            -95.888283,
            36.0772294
          ],
          [
            -95.888192,
            36.0772873
          ],
          [
            -95.8881442,
            36.0772122
          ],
          [
            -95.8882212,
            36.0771632
          ],
          [
            -95.8882149,
            36.0771533
          ],
          [
            -95.8882962,
            36.0771016
          ],
          [
            -95.888292,
            36.0770951
          ],
          [
            -95.888475,
            36.0769786
          ],
          [
            -95.8885262,
            36.077059
          ]
        ]
      },
      "id": "way/98564348"
    },
    {
      "type": "Feature",
      "properties": {
        "@id": "way/98564349",
        "abandoned:building": "yes",
        "ref": "82"
      },
      "geometry": {
        "type": "LineString",
        "coordinates": [
          [
            -95.8907424,
            36.0760891
          ],
          [
            -95.8905991,
            36.0760887
          ],
          [
            -95.8905994,
            36.0760263
          ],
          [
            -95.8906168,
            36.0760264
          ],
          [
            -95.8906169,
            36.0759848
          ],
          [
            -95.8905995,
            36.0759848
          ],
          [
            -95.8906,
            36.0758617
          ],
          [
            -95.8906211,
            36.0758618
          ],
          [
            -95.8906212,
            36.0758204
          ],
          [
            -95.8906001,
            36.0758203
          ],
          [
            -95.8906003,
            36.0757568
          ],
          [
            -95.8907436,
            36.0757571
          ],
          [
            -95.8907424,
            36.0760891
          ]
        ]
      },
      "id": "way/98564349"
    },
    {
      "type": "Feature",
      "properties": {
        "@id": "way/98564352",
        "abandoned:building": "yes",
        "ref": "18"
      },
      "geometry": {
        "type": "LineString",
        "coordinates": [
          [
            -95.8887456,
            36.0783316
          ],
          [
            -95.8886439,
            36.078412
          ],
          [
            -95.8885778,
            36.0783573
          ],
          [
            -95.8886008,
            36.0783397
          ],
          [
            -95.8885654,
            36.0783105
          ],
          [
            -95.8885425,
            36.0783281
          ],
          [
            -95.888472,
            36.0782698
          ],
          [
            -95.8885736,
            36.0781895
          ],
          [
            -95.8887456,
            36.0783316
          ]
        ]
      },
      "id": "way/98564352"
    },
    {
      "type": "Feature",
      "properties": {
        "@id": "way/98564354",
        "abandoned:building": "yes",
        "ref": "67"
      },
      "geometry": {
        "type": "LineString",
        "coordinates": [
          [
            -95.8886501,
            36.0766801
          ],
          [
            -95.8883872,
            36.076677
          ],
          [
            -95.8883889,
            36.0765807
          ],
          [
            -95.8886518,
            36.0765838
          ],
          [
            -95.8886501,
            36.0766801
          ]
        ]
      },
      "id": "way/98564354"
    },
    {
      "type": "Feature",
      "properties": {
        "@id": "way/98564356",
        "abandoned:building": "yes",
        "ref": "98"
      },
      "geometry": {
        "type": "LineString",
        "coordinates": [
          [
            -95.8898104,
            36.0768131
          ],
          [
            -95.8893937,
            36.0768131
          ],
          [
            -95.8893937,
            36.0766961
          ],
          [
            -95.8894747,
            36.0766961
          ],
          [
            -95.8894747,
            36.0767123
          ],
          [
            -95.8895163,
            36.0767123
          ],
          [
            -95.8895163,
            36.0766961
          ],
          [
            -95.8896779,
            36.0766961
          ],
          [
            -95.8896779,
            36.0767113
          ],
          [
            -95.8897183,
            36.0767113
          ],
          [
            -95.8897183,
            36.0766961
          ],
          [
            -95.8898104,
            36.0766961
          ],
          [
            -95.8898104,
            36.0768131
          ]
        ]
      },
      "id": "way/98564356"
    },
    {
      "type": "Feature",
      "properties": {
        "@id": "way/98564358",
        "abandoned:building": "yes",
        "ref": "27"
      },
      "geometry": {
        "type": "LineString",
        "coordinates": [
          [
            -95.8889906,
            36.077278
          ],
          [
            -95.8889896,
            36.0771602
          ],
          [
            -95.8890843,
            36.0771594
          ],
          [
            -95.8890847,
            36.077208
          ],
          [
            -95.889138,
            36.0772076
          ],
          [
            -95.8891375,
            36.077159
          ],
          [
            -95.8893329,
            36.0771573
          ],
          [
            -95.8893333,
            36.0772065
          ],
          [
            -95.8893886,
            36.0772061
          ],
          [
            -95.8893882,
            36.0771569
          ],
          [
            -95.8895875,
            36.0771552
          ],
          [
            -95.8895879,
            36.0772066
          ],
          [
            -95.8896406,
            36.0772061
          ],
          [
            -95.8896402,
            36.0771547
          ],
          [
            -95.88984,
            36.0771531
          ],
          [
            -95.8898404,
            36.0772042
          ],
          [
            -95.8898967,
            36.0772038
          ],
          [
            -95.8898963,
            36.0771526
          ],
          [
            -95.8899934,
            36.0771518
          ],
          [
            -95.8899936,
            36.0771788
          ],
          [
            -95.8900941,
            36.077178
          ],
          [
            -95.8900946,
            36.0772318
          ],
          [
            -95.8901488,
            36.0772313
          ],
          [
            -95.8901483,
            36.0771775
          ],
          [
            -95.8902482,
            36.0771767
          ],
          [
            -95.8902492,
            36.0772951
          ],
          [
            -95.8901377,
            36.077296
          ],
          [
            -95.8901374,
            36.0772666
          ],
          [
            -95.8901166,
            36.0772668
          ],
          [
            -95.8901169,
            36.0772962
          ],
          [
            -95.8899988,
            36.0772972
          ],
          [
            -95.8899986,
            36.0772696
          ],
          [
            -95.8898884,
            36.0772705
          ],
          [
            -95.8898882,
            36.0772391
          ],
          [
            -95.8898635,
            36.0772393
          ],
          [
            -95.8898638,
            36.0772707
          ],
          [
            -95.8896333,
            36.0772726
          ],
          [
            -95.8896331,
            36.0772405
          ],
          [
            -95.8896087,
            36.0772407
          ],
          [
            -95.889609,
            36.0772728
          ],
          [
            -95.8893787,
            36.0772748
          ],
          [
            -95.8893784,
            36.0772428
          ],
          [
            -95.8893544,
            36.077243
          ],
          [
            -95.8893546,
            36.077275
          ],
          [
            -95.8891287,
            36.0772769
          ],
          [
            -95.8891284,
            36.0772436
          ],
          [
            -95.8891019,
            36.0772438
          ],
          [
            -95.8891022,
            36.0772771
          ],
          [
            -95.8889906,
            36.077278
          ]
        ]
      },
      "id": "way/98564358"
    },
    {
      "type": "Feature",
      "properties": {
        "@id": "way/98564361",
        "abandoned:building": "yes",
        "ref": "70"
      },
      "geometry": {
        "type": "LineString",
        "coordinates": [
          [
            -95.8885549,
            36.0762401
          ],
          [
            -95.8883533,
            36.0762392
          ],
          [
            -95.8883541,
            36.0761284
          ],
          [
            -95.88843,
            36.0761287
          ],
          [
            -95.8884299,
            36.0761439
          ],
          [
            -95.888478,
            36.0761441
          ],
          [
            -95.8884781,
            36.0761289
          ],
          [
            -95.8885557,
            36.0761293
          ],
          [
            -95.8885549,
            36.0762401
          ]
        ]
      },
      "id": "way/98564361"
    },
    {
      "type": "Feature",
      "properties": {
        "@id": "way/98564363",
        "abandoned:building": "yes",
        "ref": "28"
      },
      "geometry": {
        "type": "LineString",
        "coordinates": [
          [
            -95.890553,
            36.0772962
          ],
          [
            -95.8904995,
            36.0773678
          ],
          [
            -95.8903614,
            36.0773005
          ],
          [
            -95.8904149,
            36.0772288
          ],
          [
            -95.890553,
            36.0772962
          ]
        ]
      },
      "id": "way/98564363"
    },
    {
      "type": "Feature",
      "properties": {
        "@id": "way/98564366",
        "abandoned:building": "yes",
        "ref": "97"
      },
      "geometry": {
        "type": "LineString",
        "coordinates": [
          [
            -95.8902929,
            36.076814
          ],
          [
            -95.8900266,
            36.0768152
          ],
          [
            -95.8900255,
            36.076654
          ],
          [
            -95.8902918,
            36.0766529
          ],
          [
            -95.8902929,
            36.076814
          ]
        ]
      },
      "id": "way/98564366"
    },
    {
      "type": "Feature",
      "properties": {
        "@id": "way/98564367",
        "abandoned:building": "yes",
        "ref": "23"
      },
      "geometry": {
        "type": "LineString",
        "coordinates": [
          [
            -95.888661,
            36.077345
          ],
          [
            -95.8884195,
            36.0775353
          ],
          [
            -95.8883708,
            36.0774949
          ],
          [
            -95.8886123,
            36.0773046
          ],
          [
            -95.888661,
            36.077345
          ]
        ]
      },
      "id": "way/98564367"
    },
    {
      "type": "Feature",
      "properties": {
        "@id": "way/98564369",
        "abandoned:building": "yes",
        "ref": "58"
      },
      "geometry": {
        "type": "LineString",
        "coordinates": [
          [
            -95.8880303,
            36.0772521
          ],
          [
            -95.8879599,
            36.0771891
          ],
          [
            -95.8880803,
            36.0771012
          ],
          [
            -95.8881506,
            36.0771642
          ],
          [
            -95.8880303,
            36.0772521
          ]
        ]
      },
      "id": "way/98564369"
    },
    {
      "type": "Feature",
      "properties": {
        "@id": "way/98564370",
        "abandoned:building": "yes",
        "ref": "17"
      },
      "geometry": {
        "type": "LineString",
        "coordinates": [
          [
            -95.8889927,
            36.0784101
          ],
          [
            -95.8888933,
            36.0784919
          ],
          [
            -95.8888347,
            36.0784454
          ],
          [
            -95.8888526,
            36.0784316
          ],
          [
            -95.8888157,
            36.0784023
          ],
          [
            -95.8887978,
            36.0784161
          ],
          [
            -95.8887393,
            36.0783697
          ],
          [
            -95.8888386,
            36.0782879
          ],
          [
            -95.8889927,
            36.0784101
          ]
        ]
      },
      "id": "way/98564370"
    },
    {
      "type": "Feature",
      "properties": {
        "@id": "way/98564372",
        "abandoned:building": "yes",
        "ref": "96"
      },
      "geometry": {
        "type": "LineString",
        "coordinates": [
          [
            -95.8907654,
            36.0766388
          ],
          [
            -95.8906419,
            36.0766389
          ],
          [
            -95.8906419,
            36.0766289
          ],
          [
            -95.890616,
            36.0766289
          ],
          [
            -95.890616,
            36.0766392
          ],
          [
            -95.8905025,
            36.0766393
          ],
          [
            -95.8905025,
            36.0766225
          ],
          [
            -95.8903903,
            36.0766225
          ],
          [
            -95.8903903,
            36.0766119
          ],
          [
            -95.890364,
            36.0766119
          ],
          [
            -95.890364,
            36.0766227
          ],
          [
            -95.8902521,
            36.0766228
          ],
          [
            -95.8902521,
            36.0765043
          ],
          [
            -95.8903481,
            36.0765043
          ],
          [
            -95.8903481,
            36.0765577
          ],
          [
            -95.8903988,
            36.0765577
          ],
          [
            -95.8903988,
            36.076505
          ],
          [
            -95.8905039,
            36.0765049
          ],
          [
            -95.8905039,
            36.0765214
          ],
          [
            -95.8906009,
            36.0765213
          ],
          [
            -95.8906009,
            36.0765753
          ],
          [
            -95.8906539,
            36.0765752
          ],
          [
            -95.8906539,
            36.076521
          ],
          [
            -95.8907653,
            36.076521
          ],
          [
            -95.8907654,
            36.0766388
          ]
        ]
      },
      "id": "way/98564372"
    },
    {
      "type": "Feature",
      "properties": {
        "@id": "way/98564374",
        "abandoned:building": "yes",
        "ref": "60"
      },
      "geometry": {
        "type": "LineString",
        "coordinates": [
          [
            -95.8882872,
            36.0769703
          ],
          [
            -95.8882887,
            36.0770592
          ],
          [
            -95.8880289,
            36.077062
          ],
          [
            -95.8880274,
            36.0769732
          ],
          [
            -95.8882872,
            36.0769703
          ]
        ]
      },
      "id": "way/98564374"
    },
    {
      "type": "Feature",
      "properties": {
        "@id": "way/98564375",
        "abandoned:building": "yes",
        "ref": "54"
      },
      "geometry": {
        "type": "LineString",
        "coordinates": [
          [
            -95.8894115,
            36.0764654
          ],
          [
            -95.8892967,
            36.0764636
          ],
          [
            -95.889297,
            36.07645
          ],
          [
            -95.8892301,
            36.0764489
          ],
          [
            -95.8892314,
            36.0763603
          ],
          [
            -95.8893037,
            36.0763614
          ],
          [
            -95.8893035,
            36.0763762
          ],
          [
            -95.8894128,
            36.0763779
          ],
          [
            -95.8894115,
            36.0764654
          ]
        ]
      },
      "id": "way/98564375"
    },
    {
      "type": "Feature",
      "properties": {
        "@id": "way/98564376",
        "abandoned:building": "yes",
        "ref": "26"
      },
      "geometry": {
        "type": "LineString",
        "coordinates": [
          [
            -95.8889581,
            36.0774035
          ],
          [
            -95.8889581,
            36.0773141
          ],
          [
            -95.8891232,
            36.0773141
          ],
          [
            -95.8891232,
            36.0774035
          ],
          [
            -95.8889581,
            36.0774035
          ]
        ]
      },
      "id": "way/98564376"
    },
    {
      "type": "Feature",
      "properties": {
        "@id": "way/98564377",
        "abandoned:building": "yes",
        "ref": "20"
      },
      "geometry": {
        "type": "LineString",
        "coordinates": [
          [
            -95.8886239,
            36.0781066
          ],
          [
            -95.8885215,
            36.0781914
          ],
          [
            -95.8884632,
            36.0781428
          ],
          [
            -95.8884839,
            36.0781274
          ],
          [
            -95.8884476,
            36.0780972
          ],
          [
            -95.8884269,
            36.0781125
          ],
          [
            -95.8883702,
            36.0780653
          ],
          [
            -95.8884726,
            36.0779805
          ],
          [
            -95.8886239,
            36.0781066
          ]
        ]
      },
      "id": "way/98564377"
    },
    {
      "type": "Feature",
      "properties": {
        "@id": "way/98564380",
        "abandoned:building": "yes",
        "ref": "91"
      },
      "geometry": {
        "type": "LineString",
        "coordinates": [
          [
            -95.8906763,
            36.0764726
          ],
          [
            -95.8902357,
            36.0764726
          ],
          [
            -95.8902357,
            36.0763782
          ],
          [
            -95.8906763,
            36.0763782
          ],
          [
            -95.8906763,
            36.0764726
          ]
        ]
      },
      "id": "way/98564380"
    },
    {
      "type": "Feature",
      "properties": {
        "@id": "way/98564384",
        "abandoned:building": "yes",
        "ref": "62"
      },
      "geometry": {
        "type": "LineString",
        "coordinates": [
          [
            -95.8880209,
            36.0767423
          ],
          [
            -95.887906,
            36.0767423
          ],
          [
            -95.887906,
            36.0764319
          ],
          [
            -95.8880209,
            36.0764319
          ],
          [
            -95.8880209,
            36.0767423
          ]
        ]
      },
      "id": "way/98564384"
    },
    {
      "type": "Feature",
      "properties": {
        "@id": "way/98564386",
        "abandoned:building": "yes",
        "ref": "75"
      },
      "geometry": {
        "type": "LineString",
        "coordinates": [
          [
            -95.8886992,
            36.0757005
          ],
          [
            -95.8887008,
            36.0758433
          ],
          [
            -95.8881592,
            36.0758442
          ],
          [
            -95.8881562,
            36.0757014
          ],
          [
            -95.8886992,
            36.0757005
          ]
        ]
      },
      "id": "way/98564386"
    },
    {
      "type": "Feature",
      "properties": {
        "@id": "way/98564390",
        "abandoned:building": "yes",
        "ref": "25"
      },
      "geometry": {
        "type": "LineString",
        "coordinates": [
          [
            -95.8888936,
            36.0774219
          ],
          [
            -95.8887616,
            36.0774244
          ],
          [
            -95.8887592,
            36.0773431
          ],
          [
            -95.8888057,
            36.0773418
          ],
          [
            -95.8888043,
            36.0772967
          ],
          [
            -95.8887579,
            36.0772981
          ],
          [
            -95.8887557,
            36.0772202
          ],
          [
            -95.8888877,
            36.0772177
          ],
          [
            -95.8888936,
            36.0774219
          ]
        ]
      },
      "id": "way/98564390"
    },
    {
      "type": "Feature",
      "properties": {
        "@id": "way/98564391",
        "abandoned:building": "yes",
        "ref": "55"
      },
      "geometry": {
        "type": "LineString",
        "coordinates": [
          [
            -95.8892409,
            36.0767826
          ],
          [
            -95.8887222,
            36.0767854
          ],
          [
            -95.8887212,
            36.0766641
          ],
          [
            -95.8888142,
            36.0766636
          ],
          [
            -95.8888145,
            36.0767184
          ],
          [
            -95.8888718,
            36.0767181
          ],
          [
            -95.8888715,
            36.0766633
          ],
          [
            -95.8890701,
            36.0766622
          ],
          [
            -95.8890704,
            36.0767176
          ],
          [
            -95.8891253,
            36.0767173
          ],
          [
            -95.889125,
            36.0766619
          ],
          [
            -95.8892399,
            36.0766612
          ],
          [
            -95.8892409,
            36.0767826
          ]
        ]
      },
      "id": "way/98564391"
    },
    {
      "type": "Feature",
      "properties": {
        "@id": "way/98564395",
        "abandoned:building": "yes",
        "ref": "21"
      },
      "geometry": {
        "type": "LineString",
        "coordinates": [
          [
            -95.8885437,
            36.0778697
          ],
          [
            -95.8883856,
            36.0780027
          ],
          [
            -95.8882809,
            36.0779145
          ],
          [
            -95.8883409,
            36.0778648
          ],
          [
            -95.8883621,
            36.0778815
          ],
          [
            -95.8884008,
            36.077849
          ],
          [
            -95.8883796,
            36.0778322
          ],
          [
            -95.8884353,
            36.0777854
          ],
          [
            -95.8885437,
            36.0778697
          ]
        ]
      },
      "id": "way/98564395"
    },
    {
      "type": "Feature",
      "properties": {
        "@id": "way/98564396",
        "abandoned:building": "yes",
        "ref": "83"
      },
      "geometry": {
        "type": "LineString",
        "coordinates": [
          [
            -95.8907227,
            36.0762412
          ],
          [
            -95.89061,
            36.076241
          ],
          [
            -95.89061,
            36.0762308
          ],
          [
            -95.8905835,
            36.0762308
          ],
          [
            -95.8905835,
            36.0762409
          ],
          [
            -95.8903577,
            36.0762404
          ],
          [
            -95.8903577,
            36.0762292
          ],
          [
            -95.8903283,
            36.0762292
          ],
          [
            -95.8903283,
            36.0762403
          ],
          [
            -95.8902153,
            36.07624
          ],
          [
            -95.8902157,
            36.0761206
          ],
          [
            -95.8903168,
            36.0761209
          ],
          [
            -95.8903166,
            36.0761725
          ],
          [
            -95.8903721,
            36.0761726
          ],
          [
            -95.8903722,
            36.076121
          ],
          [
            -95.8905711,
            36.0761214
          ],
          [
            -95.890571,
            36.0761722
          ],
          [
            -95.8906275,
            36.0761723
          ],
          [
            -95.8906277,
            36.0761216
          ],
          [
            -95.8907232,
            36.0761218
          ],
          [
            -95.8907227,
            36.0762412
          ]
        ]
      },
      "id": "way/98564396"
    },
    {
      "type": "Feature",
      "properties": {
        "@id": "way/98564399",
        "abandoned:building": "yes",
        "ref": "68"
      },
      "geometry": {
        "type": "LineString",
        "coordinates": [
          [
            -95.8883272,
            36.0767432
          ],
          [
            -95.8880607,
            36.0767442
          ],
          [
            -95.8880598,
            36.0765761
          ],
          [
            -95.8883263,
            36.0765751
          ],
          [
            -95.8883272,
            36.0767432
          ]
        ]
      },
      "id": "way/98564399"
    },
    {
      "type": "Feature",
      "properties": {
        "@id": "way/98566712",
        "abandoned:building": "yes",
        "ref": "42"
      },
      "geometry": {
        "type": "LineString",
        "coordinates": [
          [
            -95.8894517,
            36.077895
          ],
          [
            -95.8892475,
            36.0778986
          ],
          [
            -95.8892451,
            36.0778102
          ],
          [
            -95.8892936,
            36.0778089
          ],
          [
            -95.8892924,
            36.0777638
          ],
          [
            -95.8892439,
            36.0777651
          ],
          [
            -95.8892415,
            36.0776777
          ],
          [
            -95.8894457,
            36.0776741
          ],
          [
            -95.8894481,
            36.077764
          ],
          [
            -95.8894001,
            36.0777653
          ],
          [
            -95.8894013,
            36.0778114
          ],
          [
            -95.8894494,
            36.0778101
          ],
          [
            -95.8894517,
            36.077895
          ]
        ]
      },
      "id": "way/98566712"
    },
    {
      "type": "Feature",
      "properties": {
        "@id": "way/98566714",
        "abandoned:building": "yes",
        "ref": "41"
      },
      "geometry": {
        "type": "LineString",
        "coordinates": [
          [
            -95.889378,
            36.0776425
          ],
          [
            -95.8891481,
            36.0776425
          ],
          [
            -95.8891481,
            36.0775201
          ],
          [
            -95.8892298,
            36.0775201
          ],
          [
            -95.8892298,
            36.0775465
          ],
          [
            -95.8892854,
            36.0775465
          ],
          [
            -95.8892854,
            36.0775201
          ],
          [
            -95.889378,
            36.0775201
          ],
          [
            -95.889378,
            36.0776425
          ]
        ]
      },
      "id": "way/98566714"
    },
    {
      "type": "Feature",
      "properties": {
        "@id": "way/98566716",
        "abandoned:building": "yes",
        "ref": "50"
      },
      "geometry": {
        "type": "LineString",
        "coordinates": [
          [
            -95.8899661,
            36.0779244
          ],
          [
            -95.8899679,
            36.078033
          ],
          [
            -95.8898569,
            36.0780342
          ],
          [
            -95.8898551,
            36.0779256
          ],
          [
            -95.8899661,
            36.0779244
          ]
        ]
      },
      "id": "way/98566716"
    },
    {
      "type": "Feature",
      "properties": {
        "@id": "way/98566718",
        "abandoned:building": "yes",
        "ref": "46"
      },
      "geometry": {
        "type": "LineString",
        "coordinates": [
          [
            -95.890188,
            36.0775162
          ],
          [
            -95.8902698,
            36.0775155
          ],
          [
            -95.89027,
            36.0775415
          ],
          [
            -95.8903226,
            36.0775411
          ],
          [
            -95.8903224,
            36.0775151
          ],
          [
            -95.8904058,
            36.0775144
          ],
          [
            -95.8904073,
            36.0776293
          ],
          [
            -95.8901895,
            36.0776312
          ],
          [
            -95.890188,
            36.0775162
          ]
        ]
      },
      "id": "way/98566718"
    },
    {
      "type": "Feature",
      "properties": {
        "@id": "way/98566719",
        "abandoned:building": "yes",
        "ref": "44"
      },
      "geometry": {
        "type": "LineString",
        "coordinates": [
          [
            -95.890121,
            36.0775145
          ],
          [
            -95.8901218,
            36.0776309
          ],
          [
            -95.8894352,
            36.0776339
          ],
          [
            -95.8894344,
            36.0775175
          ],
          [
            -95.8895244,
            36.0775171
          ],
          [
            -95.8895245,
            36.0775411
          ],
          [
            -95.8895773,
            36.0775409
          ],
          [
            -95.8895772,
            36.0775169
          ],
          [
            -95.8897522,
            36.0775161
          ],
          [
            -95.8897523,
            36.0775411
          ],
          [
            -95.8898066,
            36.0775409
          ],
          [
            -95.8898065,
            36.0775159
          ],
          [
            -95.8899799,
            36.0775151
          ],
          [
            -95.88998,
            36.0775381
          ],
          [
            -95.890036,
            36.0775379
          ],
          [
            -95.8900359,
            36.0775149
          ],
          [
            -95.890121,
            36.0775145
          ]
        ]
      },
      "id": "way/98566719"
    },
    {
      "type": "Feature",
      "properties": {
        "@id": "way/98566722",
        "abandoned:building": "yes",
        "ref": "48"
      },
      "geometry": {
        "type": "LineString",
        "coordinates": [
          [
            -95.8902303,
            36.0777891
          ],
          [
            -95.890148,
            36.0777916
          ],
          [
            -95.8901473,
            36.0777685
          ],
          [
            -95.8901013,
            36.0777699
          ],
          [
            -95.890102,
            36.077793
          ],
          [
            -95.8900113,
            36.0777956
          ],
          [
            -95.8900077,
            36.077677
          ],
          [
            -95.8902268,
            36.0776705
          ],
          [
            -95.8902303,
            36.0777891
          ]
        ]
      },
      "id": "way/98566722"
    },
    {
      "type": "Feature",
      "properties": {
        "@id": "way/98566724",
        "abandoned:building": "yes",
        "ref": "45"
      },
      "geometry": {
        "type": "LineString",
        "coordinates": [
          [
            -95.8898563,
            36.0778888
          ],
          [
            -95.8896521,
            36.0778924
          ],
          [
            -95.8896498,
            36.077804
          ],
          [
            -95.8896983,
            36.0778027
          ],
          [
            -95.889697,
            36.0777576
          ],
          [
            -95.8896485,
            36.0777589
          ],
          [
            -95.8896462,
            36.0776715
          ],
          [
            -95.8898504,
            36.0776679
          ],
          [
            -95.8898528,
            36.0777579
          ],
          [
            -95.8898047,
            36.0777591
          ],
          [
            -95.8898059,
            36.0778052
          ],
          [
            -95.889854,
            36.0778039
          ],
          [
            -95.8898563,
            36.0778888
          ]
        ]
      },
      "id": "way/98566724"
    },
    {
      "type": "Feature",
      "properties": {
        "@id": "way/98568137",
        "abandoned:building": "yes",
        "ref": "49"
      },
      "geometry": {
        "type": "LineString",
        "coordinates": [
          [
            -95.8902989,
            36.0779663
          ],
          [
            -95.8901422,
            36.0780905
          ],
          [
            -95.8900873,
            36.0780453
          ],
          [
            -95.8901114,
            36.0780264
          ],
          [
            -95.8900951,
            36.0780129
          ],
          [
            -95.890071,
            36.0780318
          ],
          [
            -95.8900116,
            36.0779829
          ],
          [
            -95.8901683,
            36.0778587
          ],
          [
            -95.8902251,
            36.0779056
          ],
          [
            -95.8902038,
            36.0779228
          ],
          [
            -95.8902209,
            36.0779369
          ],
          [
            -95.8902423,
            36.0779197
          ],
          [
            -95.8902989,
            36.0779663
          ]
        ]
      },
      "id": "way/98568137"
    },
    {
      "type": "Feature",
      "properties": {
        "@id": "way/98568138",
        "abandoned:building": "yes",
        "ref": "37"
      },
      "geometry": {
        "type": "LineString",
        "coordinates": [
          [
            -95.8892453,
            36.077918
          ],
          [
            -95.8891666,
            36.0779815
          ],
          [
            -95.8890679,
            36.0779015
          ],
          [
            -95.8891466,
            36.077838
          ],
          [
            -95.8892453,
            36.077918
          ]
        ]
      },
      "id": "way/98568138"
    },
    {
      "type": "Feature",
      "properties": {
        "@id": "way/98568139",
        "abandoned:building": "yes",
        "ref": "29"
      },
      "geometry": {
        "type": "LineString",
        "coordinates": [
          [
            -95.8908246,
            36.0776001
          ],
          [
            -95.8907138,
            36.0776438
          ],
          [
            -95.8906756,
            36.077547
          ],
          [
            -95.8906492,
            36.0775574
          ],
          [
            -95.8906366,
            36.0775256
          ],
          [
            -95.8906229,
            36.077531
          ],
          [
            -95.8905989,
            36.0774702
          ],
          [
            -95.8907156,
            36.0774242
          ],
          [
            -95.8907371,
            36.0774789
          ],
          [
            -95.890757,
            36.077471
          ],
          [
            -95.890776,
            36.0775193
          ],
          [
            -95.8907905,
            36.0775136
          ],
          [
            -95.8908246,
            36.0776001
          ]
        ]
      },
      "id": "way/98568139"
    },
    {
      "type": "Feature",
      "properties": {
        "@id": "way/98568141",
        "abandoned:building": "yes",
        "ref": "33"
      },
      "geometry": {
        "type": "LineString",
        "coordinates": [
          [
            -95.8906658,
            36.0782276
          ],
          [
            -95.8906203,
            36.0782649
          ],
          [
            -95.8906446,
            36.0782844
          ],
          [
            -95.890601,
            36.0783201
          ],
          [
            -95.8906143,
            36.0783314
          ],
          [
            -95.890572,
            36.0783661
          ],
          [
            -95.8905586,
            36.0783549
          ],
          [
            -95.8905156,
            36.0783901
          ],
          [
            -95.8904913,
            36.0783707
          ],
          [
            -95.8904495,
            36.078405
          ],
          [
            -95.8903606,
            36.0783267
          ],
          [
            -95.890402,
            36.0782927
          ],
          [
            -95.8904252,
            36.0783133
          ],
          [
            -95.8904694,
            36.0782771
          ],
          [
            -95.8904799,
            36.07829
          ],
          [
            -95.8905234,
            36.0782544
          ],
          [
            -95.8905128,
            36.0782415
          ],
          [
            -95.8905539,
            36.0782078
          ],
          [
            -95.8905307,
            36.0781872
          ],
          [
            -95.890577,
            36.0781493
          ],
          [
            -95.8906658,
            36.0782276
          ]
        ]
      },
      "id": "way/98568141"
    },
    {
      "type": "Feature",
      "properties": {
        "@id": "way/98568143",
        "abandoned:building": "yes",
        "ref": "31"
      },
      "geometry": {
        "type": "LineString",
        "coordinates": [
          [
            -95.8908579,
            36.0780021
          ],
          [
            -95.890821,
            36.0780375
          ],
          [
            -95.8908347,
            36.0780518
          ],
          [
            -95.8907969,
            36.0780881
          ],
          [
            -95.8908038,
            36.0780953
          ],
          [
            -95.8907648,
            36.0781327
          ],
          [
            -95.8907832,
            36.0781518
          ],
          [
            -95.8907413,
            36.078192
          ],
          [
            -95.8907006,
            36.0781496
          ],
          [
            -95.8906559,
            36.0781925
          ],
          [
            -95.8905892,
            36.078123
          ],
          [
            -95.8906271,
            36.0780867
          ],
          [
            -95.8906515,
            36.0781122
          ],
          [
            -95.8906905,
            36.0780748
          ],
          [
            -95.8906772,
            36.078061
          ],
          [
            -95.8907161,
            36.0780236
          ],
          [
            -95.8907069,
            36.078014
          ],
          [
            -95.8907454,
            36.0779771
          ],
          [
            -95.8907313,
            36.0779623
          ],
          [
            -95.8907773,
            36.0779181
          ],
          [
            -95.8908579,
            36.0780021
          ]
        ]
      },
      "id": "way/98568143"
    },
    {
      "type": "Feature",
      "properties": {
        "@id": "way/98568145",
        "abandoned:building": "yes",
        "ref": "34"
      },
      "geometry": {
        "type": "LineString",
        "coordinates": [
          [
            -95.8903747,
            36.0782563
          ],
          [
            -95.8902203,
            36.078377
          ],
          [
            -95.8901493,
            36.0783178
          ],
          [
            -95.8903037,
            36.078197
          ],
          [
            -95.8903747,
            36.0782563
          ]
        ]
      },
      "id": "way/98568145"
    },
    {
      "type": "Feature",
      "properties": {
        "@id": "way/98568147",
        "abandoned:building": "yes",
        "ref": "36"
      },
      "geometry": {
        "type": "LineString",
        "coordinates": [
          [
            -95.8892769,
            36.0781256
          ],
          [
            -95.8892204,
            36.0781711
          ],
          [
            -95.8891996,
            36.0781549
          ],
          [
            -95.8891817,
            36.0781693
          ],
          [
            -95.8892024,
            36.0781855
          ],
          [
            -95.8891447,
            36.0782318
          ],
          [
            -95.8889866,
            36.0781032
          ],
          [
            -95.8890373,
            36.0780625
          ],
          [
            -95.8890557,
            36.078079
          ],
          [
            -95.8890757,
            36.0780629
          ],
          [
            -95.8890574,
            36.0780464
          ],
          [
            -95.8891188,
            36.077997
          ],
          [
            -95.8892769,
            36.0781256
          ]
        ]
      },
      "id": "way/98568147"
    },
    {
      "type": "Feature",
      "properties": {
        "@id": "way/98568149",
        "abandoned:building": "yes",
        "ref": "35"
      },
      "geometry": {
        "type": "LineString",
        "coordinates": [
          [
            -95.8904252,
            36.0784141
          ],
          [
            -95.8903853,
            36.0784494
          ],
          [
            -95.8903679,
            36.0784367
          ],
          [
            -95.8903276,
            36.0784698
          ],
          [
            -95.8903106,
            36.0784589
          ],
          [
            -95.8902687,
            36.0784931
          ],
          [
            -95.8902475,
            36.0784782
          ],
          [
            -95.8902038,
            36.0785101
          ],
          [
            -95.8901159,
            36.0784369
          ],
          [
            -95.8901564,
            36.0783984
          ],
          [
            -95.8901813,
            36.0784194
          ],
          [
            -95.890221,
            36.0783816
          ],
          [
            -95.890238,
            36.0783966
          ],
          [
            -95.8902802,
            36.0783606
          ],
          [
            -95.8902986,
            36.0783733
          ],
          [
            -95.8903341,
            36.0783404
          ],
          [
            -95.8904252,
            36.0784141
          ]
        ]
      },
      "id": "way/98568149"
    },
    {
      "type": "Feature",
      "properties": {
        "@id": "way/98568150",
        "abandoned:building": "yes",
        "ref": "38"
      },
      "geometry": {
        "type": "LineString",
        "coordinates": [
          [
            -95.8891787,
            36.0777372
          ],
          [
            -95.8891174,
            36.077786
          ],
          [
            -95.889098,
            36.0777727
          ],
          [
            -95.8890605,
            36.0778026
          ],
          [
            -95.8890799,
            36.0778158
          ],
          [
            -95.8890182,
            36.0778649
          ],
          [
            -95.8889162,
            36.077781
          ],
          [
            -95.8890766,
            36.0776534
          ],
          [
            -95.8891787,
            36.0777372
          ]
        ]
      },
      "id": "way/98568150"
    },
    {
      "type": "Feature",
      "properties": {
        "@id": "way/98568151",
        "abandoned:building": "yes",
        "ref": "39"
      },
      "geometry": {
        "type": "LineString",
        "coordinates": [
          [
            -95.8889216,
            36.0780555
          ],
          [
            -95.888755,
            36.0779317
          ],
          [
            -95.8888105,
            36.0778894
          ],
          [
            -95.88883,
            36.0779031
          ],
          [
            -95.8888508,
            36.0778873
          ],
          [
            -95.8888313,
            36.0778736
          ],
          [
            -95.8888906,
            36.0778284
          ],
          [
            -95.8890572,
            36.0779522
          ],
          [
            -95.8889952,
            36.0779994
          ],
          [
            -95.8889731,
            36.0779835
          ],
          [
            -95.8889559,
            36.0779966
          ],
          [
            -95.888978,
            36.0780125
          ],
          [
            -95.8889216,
            36.0780555
          ]
        ]
      },
      "id": "way/98568151"
    },
    {
      "type": "Feature",
      "properties": {
        "@id": "way/98568154",
        "abandoned:building": "yes"
      },
      "geometry": {
        "type": "LineString",
        "coordinates": [
          [
            -95.8895068,
            36.0773006
          ],
          [
            -95.8895061,
            36.0773493
          ],
          [
            -95.8894077,
            36.0773484
          ],
          [
            -95.8894084,
            36.0772996
          ],
          [
            -95.8895068,
            36.0773006
          ]
        ]
      },
      "id": "way/98568154"
    },
    {
      "type": "Feature",
      "properties": {
        "@id": "way/98568155",
        "abandoned:building": "yes",
        "ref": "47"
      },
      "geometry": {
        "type": "LineString",
        "coordinates": [
          [
            -95.8905535,
            36.0777523
          ],
          [
            -95.8903433,
            36.0779265
          ],
          [
            -95.8902486,
            36.0778519
          ],
          [
            -95.8904588,
            36.0776777
          ],
          [
            -95.8905535,
            36.0777523
          ]
        ]
      },
      "id": "way/98568155"
    },
    {
      "type": "Feature",
      "properties": {
        "@id": "way/98568156",
        "abandoned:building": "yes",
        "ref": "40"
      },
      "geometry": {
        "type": "LineString",
        "coordinates": [
          [
            -95.889079,
            36.0775886
          ],
          [
            -95.888759,
            36.0778525
          ],
          [
            -95.8886532,
            36.0777687
          ],
          [
            -95.8887151,
            36.0777176
          ],
          [
            -95.8887323,
            36.0777337
          ],
          [
            -95.8887683,
            36.077704
          ],
          [
            -95.8887512,
            36.0776879
          ],
          [
            -95.8888757,
            36.0775851
          ],
          [
            -95.8888939,
            36.0776018
          ],
          [
            -95.8889297,
            36.0775723
          ],
          [
            -95.8889115,
            36.0775557
          ],
          [
            -95.8889732,
            36.0775048
          ],
          [
            -95.889079,
            36.0775886
          ]
        ]
      },
      "id": "way/98568156"
    },
    {
      "type": "Feature",
      "properties": {
        "@id": "way/98568157",
        "abandoned:building": "yes",
        "ref": "51"
      },
      "geometry": {
        "type": "LineString",
        "coordinates": [
          [
            -95.8900988,
            36.0781277
          ],
          [
            -95.8899295,
            36.0782652
          ],
          [
            -95.8898428,
            36.0781955
          ],
          [
            -95.8900121,
            36.0780579
          ],
          [
            -95.8900988,
            36.0781277
          ]
        ]
      },
      "id": "way/98568157"
    },
    {
      "type": "Feature",
      "properties": {
        "@id": "way/98568158",
        "abandoned:building": "yes",
        "ref": "32"
      },
      "geometry": {
        "type": "LineString",
        "coordinates": [
          [
            -95.8906726,
            36.0780128
          ],
          [
            -95.8904061,
            36.0782287
          ],
          [
            -95.8903318,
            36.0781688
          ],
          [
            -95.8905983,
            36.0779529
          ],
          [
            -95.8906726,
            36.0780128
          ]
        ]
      },
      "id": "way/98568158"
    },
    {
      "type": "Feature",
      "properties": {
        "@id": "way/98568161",
        "abandoned:building": "yes",
        "ref": "30"
      },
      "geometry": {
        "type": "LineString",
        "coordinates": [
          [
            -95.8908524,
            36.0778874
          ],
          [
            -95.8907277,
            36.0778886
          ],
          [
            -95.890727,
            36.0778401
          ],
          [
            -95.8907453,
            36.0778399
          ],
          [
            -95.8907437,
            36.0777385
          ],
          [
            -95.8907254,
            36.0777388
          ],
          [
            -95.8907247,
            36.0776893
          ],
          [
            -95.8908494,
            36.0776881
          ],
          [
            -95.8908502,
            36.0777394
          ],
          [
            -95.8908697,
            36.0777391
          ],
          [
            -95.8908711,
            36.0778388
          ],
          [
            -95.8908517,
            36.0778391
          ],
          [
            -95.8908524,
            36.0778874
          ]
        ]
      },
      "id": "way/98568161"
    },
    {
      "type": "Feature",
      "properties": {
        "@id": "way/780355154",
        "abandoned:building": "yes"
      },
      "geometry": {
        "type": "LineString",
        "coordinates": [
          [
            -98.7280267,
            36.0560874
          ],
          [
            -98.7279154,
            36.0560874
          ],
          [
            -98.7279181,
            36.0559844
          ],
          [
            -98.7280307,
            36.0559844
          ],
          [
            -98.7280267,
            36.0560874
          ]
        ]
      },
      "id": "way/780355154"
    },
    {
      "type": "Feature",
      "properties": {
        "@id": "way/780984077",
        "abandoned:building": "yes"
      },
      "geometry": {
        "type": "LineString",
        "coordinates": [
          [
            -98.7258194,
            36.1086081
          ],
          [
            -98.725818,
            36.1085025
          ],
          [
            -98.7256289,
            36.1085041
          ],
          [
            -98.7256303,
            36.1086097
          ],
          [
            -98.7258194,
            36.1086081
          ]
        ]
      },
      "id": "way/780984077"
    },
    {
      "type": "Feature",
      "properties": {
        "@id": "way/963404006",
        "abandoned:building": "yes"
      },
      "geometry": {
        "type": "LineString",
        "coordinates": [
          [
            -98.4866626,
            36.0571444
          ],
          [
            -98.4866652,
            36.0570728
          ],
          [
            -98.486507,
            36.0570728
          ],
          [
            -98.4865043,
            36.0571444
          ],
          [
            -98.4866626,
            36.0571444
          ]
        ]
      },
      "id": "way/963404006"
    },
    {
      "type": "Feature",
      "properties": {
        "@id": "way/972642371",
        "abandoned:building": "yes",
        "condition": "poor"
      },
      "geometry": {
        "type": "LineString",
        "coordinates": [
          [
            -90.1535917,
            38.6276011
          ],
          [
            -90.153735,
            38.6274423
          ],
          [
            -90.1535943,
            38.627469
          ],
          [
            -90.1534007,
            38.6273267
          ],
          [
            -90.1532805,
            38.6274074
          ],
          [
            -90.1535394,
            38.6276228
          ],
          [
            -90.1535917,
            38.6276011
          ]
        ]
      },
      "id": "way/972642371"
    },
    {
      "type": "Feature",
      "properties": {
        "@id": "way/1022038908",
        "abandoned:building": "yes"
      },
      "geometry": {
        "type": "LineString",
        "coordinates": [
          [
            -90.5629229,
            39.7056852
          ],
          [
            -90.5627045,
            39.7056794
          ],
          [
            -90.5627098,
            39.7055644
          ],
          [
            -90.5629281,
            39.7055703
          ],
          [
            -90.5629229,
            39.7056852
          ]
        ]
      },
      "id": "way/1022038908"
    },
    {
      "type": "Feature",
      "properties": {
        "@id": "way/1022038910",
        "abandoned:building": "yes"
      },
      "geometry": {
        "type": "LineString",
        "coordinates": [
          [
            -90.5625801,
            39.7055581
          ],
          [
            -90.5625845,
            39.7055478
          ],
          [
            -90.5625932,
            39.7055393
          ],
          [
            -90.562605,
            39.7055334
          ],
          [
            -90.5626188,
            39.705531
          ],
          [
            -90.5626328,
            39.7055323
          ],
          [
            -90.5626454,
            39.7055372
          ],
          [
            -90.5626552,
            39.705545
          ],
          [
            -90.5626609,
            39.7055549
          ],
          [
            -90.562662,
            39.7055657
          ],
          [
            -90.5626584,
            39.7055761
          ],
          [
            -90.5626513,
            39.7055843
          ],
          [
            -90.5626413,
            39.7055904
          ],
          [
            -90.5626294,
            39.7055938
          ],
          [
            -90.5626167,
            39.7055943
          ],
          [
            -90.5626044,
            39.7055919
          ],
          [
            -90.5625937,
            39.7055866
          ],
          [
            -90.5625856,
            39.7055791
          ],
          [
            -90.5625805,
            39.705569
          ],
          [
            -90.5625801,
            39.7055581
          ]
        ]
      },
      "id": "way/1022038910"
    },
    {
      "type": "Feature",
      "properties": {
        "@id": "way/1022038911",
        "abandoned:building": "yes"
      },
      "geometry": {
        "type": "LineString",
        "coordinates": [
          [
            -90.5623846,
            39.7054859
          ],
          [
            -90.5623912,
            39.70548
          ],
          [
            -90.5623999,
            39.705476
          ],
          [
            -90.5624098,
            39.7054744
          ],
          [
            -90.5624199,
            39.7054753
          ],
          [
            -90.5624291,
            39.7054786
          ],
          [
            -90.5624364,
            39.7054841
          ],
          [
            -90.562441,
            39.705491
          ],
          [
            -90.5624424,
            39.7054988
          ],
          [
            -90.5624406,
            39.7055065
          ],
          [
            -90.5624356,
            39.7055133
          ],
          [
            -90.5624281,
            39.7055185
          ],
          [
            -90.5624184,
            39.7055217
          ],
          [
            -90.5624079,
            39.7055222
          ],
          [
            -90.5623978,
            39.70552
          ],
          [
            -90.5623893,
            39.7055153
          ],
          [
            -90.5623832,
            39.7055087
          ],
          [
            -90.5623803,
            39.705501
          ],
          [
            -90.5623808,
            39.7054932
          ],
          [
            -90.5623846,
            39.7054859
          ]
        ]
      },
      "id": "way/1022038911"
    },
    {
      "type": "Feature",
      "properties": {
        "@id": "way/1022038912",
        "abandoned:building": "yes"
      },
      "geometry": {
        "type": "LineString",
        "coordinates": [
          [
            -90.5623208,
            39.7055252
          ],
          [
            -90.5623274,
            39.7055193
          ],
          [
            -90.5623361,
            39.7055153
          ],
          [
            -90.562346,
            39.7055137
          ],
          [
            -90.5623561,
            39.7055146
          ],
          [
            -90.5623653,
            39.7055179
          ],
          [
            -90.5623726,
            39.7055234
          ],
          [
            -90.5623772,
            39.7055304
          ],
          [
            -90.5623786,
            39.7055381
          ],
          [
            -90.5623768,
            39.7055458
          ],
          [
            -90.5623718,
            39.7055526
          ],
          [
            -90.5623643,
            39.7055578
          ],
          [
            -90.5623546,
            39.705561
          ],
          [
            -90.5623441,
            39.7055615
          ],
          [
            -90.562334,
            39.7055593
          ],
          [
            -90.5623255,
            39.7055546
          ],
          [
            -90.5623194,
            39.705548
          ],
          [
            -90.5623165,
            39.7055403
          ],
          [
            -90.562317,
            39.7055325
          ],
          [
            -90.5623208,
            39.7055252
          ]
        ]
      },
      "id": "way/1022038912"
    },
    {
      "type": "Feature",
      "properties": {
        "@id": "way/1022038913",
        "abandoned:building": "yes"
      },
      "geometry": {
        "type": "LineString",
        "coordinates": [
          [
            -90.5624579,
            39.7054959
          ],
          [
            -90.5624645,
            39.70549
          ],
          [
            -90.5624732,
            39.705486
          ],
          [
            -90.5624832,
            39.7054844
          ],
          [
            -90.5624933,
            39.7054853
          ],
          [
            -90.5625024,
            39.7054887
          ],
          [
            -90.5625097,
            39.7054941
          ],
          [
            -90.5625143,
            39.7055011
          ],
          [
            -90.5625158,
            39.7055088
          ],
          [
            -90.5625139,
            39.7055165
          ],
          [
            -90.562509,
            39.7055233
          ],
          [
            -90.5625014,
            39.7055285
          ],
          [
            -90.5624917,
            39.7055317
          ],
          [
            -90.5624813,
            39.7055322
          ],
          [
            -90.5624712,
            39.70553
          ],
          [
            -90.5624626,
            39.7055253
          ],
          [
            -90.5624565,
            39.7055188
          ],
          [
            -90.5624536,
            39.705511
          ],
          [
            -90.5624542,
            39.7055032
          ],
          [
            -90.5624579,
            39.7054959
          ]
        ]
      },
      "id": "way/1022038913"
    },
    {
      "type": "Feature",
      "properties": {
        "@id": "way/1210068780",
        "abandoned:building": "yes"
      },
      "geometry": {
        "type": "LineString",
        "coordinates": [
          [
            -90.1541757,
            38.6277842
          ],
          [
            -90.1540789,
            38.627701
          ],
          [
            -90.1539509,
            38.6277918
          ],
          [
            -90.1540477,
            38.627875
          ],
          [
            -90.1541757,
            38.6277842
          ]
        ]
      },
      "id": "way/1210068780"
    },
    {
      "type": "Feature",
      "properties": {
        "@id": "way/1219941230",
        "abandoned:building": "yes"
      },
      "geometry": {
        "type": "LineString",
        "coordinates": [
          [
            -90.6554477,
            39.0328839
          ],
          [
            -90.6554473,
            39.0329911
          ],
          [
            -90.6555545,
            39.0329914
          ],
          [
            -90.655555,
            39.0328842
          ],
          [
            -90.6554477,
            39.0328839
          ]
        ]
      },
      "id": "way/1219941230"
    },
    {
      "type": "Feature",
      "properties": {
        "@id": "way/1316061457",
        "abandoned:building": "yes",
        "source": "microsoft/BuildingFootprints"
      },
      "geometry": {
        "type": "LineString",
        "coordinates": [
          [
            -95.9567262,
            36.0678051
          ],
          [
            -95.9567265,
            36.0677358
          ],
          [
            -95.9565908,
            36.0677353
          ],
          [
            -95.9565894,
            36.0680094
          ],
          [
            -95.9566752,
            36.0680097
          ],
          [
            -95.9566763,
            36.067805
          ],
          [
            -95.9567262,
            36.0678051
          ]
        ]
      },
      "id": "way/1316061457"
    },
    {
      "type": "Feature",
      "properties": {
        "@id": "way/1467180559",
        "abandoned:building": "yes"
      },
      "geometry": {
        "type": "LineString",
        "coordinates": [
          [
            -90.5411932,
            39.4503774
          ],
          [
            -90.5412864,
            39.4503769
          ],
          [
            -90.5412855,
            39.4502816
          ],
          [
            -90.5412574,
            39.4502613
          ],
          [
            -90.5411922,
            39.4502617
          ],
          [
            -90.5411932,
            39.4503774
          ]
        ]
      },
      "id": "way/1467180559"
    },
    {
      "type": "Feature",
      "properties": {
        "@id": "node/11359276103",
        "abandoned:building": "yes",
        "addr:housenumber": "2607",
        "addr:postcode": "50310",
        "addr:street": "Douglas Avenue"
      },
      "geometry": {
        "type": "Point",
        "coordinates": [
          -93.6532831,
          41.6287978
        ]
      },
      "id": "node/11359276103"
    },
    {
      "type": "Feature",
      "properties": {
        "@id": "node/13312517874",
        "abandoned:building": "yes",
        "abandoned:craft": "grinding_mill",
        "historic": "ruins"
      },
      "geometry": {
        "type": "Point",
        "coordinates": [
          -92.5682651,
          36.132236
        ]
      },
      "id": "node/13312517874"
    }
  ]
}